{"reference": "J12", "proportionalOutlinePath": [[0.375, 0.6666666666666666], [0.37552083333333336, 0.6760416666666667], [0.3776041666666667, 0.6760416666666667], [0.37864583333333335, 0.6770833333333334], [0.37864583333333335, 0.6822916666666666], [0.3776041666666667, 0.6833333333333333], [0.37552083333333336, 0.6833333333333333], [0.37552083333333336, 0.684375], [0.375, 0.6921875], [0.37604166666666666, 0.6932291666666667], [0.37864583333333335, 0.69375], [0.3859375, 0.69375], [0.3859375, 0.6921875], [0.38697916666666665, 0.6911458333333333], [0.3880208333333333, 0.6911458333333333], [0.3890625, 0.6927083333333334], [0.6104166666666667, 0.6927083333333334], [0.6114583333333333, 0.6911458333333333], [0.6125, 0.6911458333333333], [0.6135416666666667, 0.6921875], [0.6135416666666667, 0.69375], [0.6208333333333333, 0.69375], [0.6239583333333333, 0.6932291666666667], [0.625, 0.6916666666666667], [0.625, 0.6848958333333334], [0.6239583333333333, 0.6833333333333333], [0.6223958333333334, 0.6833333333333333], [0.6213541666666667, 0.6822916666666666], [0.6213541666666667, 0.6770833333333334], [0.6223958333333334, 0.6760416666666667], [0.6239583333333333, 0.6760416666666667], [0.625, 0.675], [0.6244791666666667, 0.6666666666666666], [0.6135416666666667, 0.6666666666666666], [0.6135416666666667, 0.66875], [0.6125, 0.6697916666666667], [0.6114583333333333, 0.6697916666666667], [0.6104166666666667, 0.66875], [0.6104166666666667, 0.6666666666666666], [0.3890625, 0.6666666666666666], [0.3890625, 0.66875], [0.3880208333333333, 0.6697916666666667], [0.38697916666666665, 0.6697916666666667], [0.3859375, 0.66875], [0.3859375, 0.6666666666666666]], "additionalOutlinePaths": [[[0.375, 0.6182291666666667], [0.375, 0.6265625], [0.37552083333333336, 0.628125], [0.3776041666666667, 0.628125], [0.37864583333333335, 0.6291666666666667], [0.37864583333333335, 0.634375], [0.3776041666666667, 0.6354166666666666], [0.37552083333333336, 0.6354166666666666], [0.375, 0.6364583333333333], [0.375, 0.64375], [0.37552083333333336, 0.6447916666666667], [0.3859375, 0.6453125], [0.3859375, 0.64375], [0.38697916666666665, 0.6427083333333333], [0.3880208333333333, 0.6427083333333333], [0.3890625, 0.6442708333333333], [0.6104166666666667, 0.6442708333333333], [0.6114583333333333, 0.6427083333333333], [0.6125, 0.6427083333333333], [0.6135416666666667, 0.64375], [0.6135416666666667, 0.6453125], [0.6234375, 0.6453125], [0.625, 0.64375], [0.625, 0.6364583333333333], [0.6239583333333333, 0.6359375], [0.6239583333333333, 0.6348958333333333], [0.6223958333333334, 0.6348958333333333], [0.6213541666666667, 0.6338541666666667], [0.6213541666666667, 0.6291666666666667], [0.6223958333333334, 0.628125], [0.6239583333333333, 0.628125], [0.625, 0.6265625], [0.6244791666666667, 0.6182291666666667], [0.6135416666666667, 0.6182291666666667], [0.6135416666666667, 0.6208333333333333], [0.6125, 0.621875], [0.6114583333333333, 0.621875], [0.6104166666666667, 0.6208333333333333], [0.6104166666666667, 0.61875], [0.3890625, 0.61875], [0.3890625, 0.6208333333333333], [0.3880208333333333, 0.621875], [0.38697916666666665, 0.621875], [0.3859375, 0.6208333333333333], [0.3859375, 0.6182291666666667]]], "componentId": "ept-401-51501-51"}